"niche","sto_mm2.mean"
"climber",43.3059518662632
"epiphyte",40.9106947480346
"hemi-epiphyte",34.7222222222222
"terrestrial",62.2082461014249
